tenant_id,company_id,id,province_code,code,name,created_by,created_at,updated_by,updated_at
1325836972,1325836972,5775,ID-AC,ID-BNA,Banda Aceh,0,2018-01-01 00:00:00+00,,
1325836972,1325836972,5776,ID-AC,ID-BIR,Bireuen,0,2018-01-01 00:00:00+00,,
1325836972,1325836972,5777,ID-AC,ID-BKJ,Blangkejeren,0,2018-01-01 00:00:00+00,,
1325836972,1325836972,5778,ID-AC,ID-BPD,Blangpidie,0,2018-01-01 00:00:00+00,,
1325836972,1325836972,5779,ID-AC,ID-CAG,Calang,0,2018-01-01 00:00:00+00,,
1325836972,1325836972,5780,ID-AC,ID-JTH,Jantho,0,2018-01-01 00:00:00+00,,
1325836972,1325836972,5781,ID-AC,ID-KRB,Karang Baru,0,2018-01-01 00:00:00+00,,
1325836972,1325836972,5782,ID-AC,ID-KTN,Kutacane,0,2018-01-01 00:00:00+00,,
1325836972,1325836972,5783,ID-AC,ID-LGS,Langsa,0,2018-01-01 00:00:00+00,,
1325836972,1325836972,5784,ID-AC,ID-LSM,Lhokseumawe,0,2018-01-01 00:00:00+00,,
1325836972,1325836972,5785,ID-AC,ID-LSK,Lhoksukon,0,2018-01-01 00:00:00+00,,
1325836972,1325836972,5786,ID-AC,ID-MBO,Meulaboh,0,2018-01-01 00:00:00+00,,
1325836972,1325836972,5787,ID-AC,ID-MRN,Meureundu,0,2018-01-01 00:00:00+00,,
1325836972,1325836972,5788,ID-AC,ID-SAB,Sabang,0,2018-01-01 00:00:00+00,,
1325836972,1325836972,5789,ID-AC,ID-SGI,Sigli,0,2018-01-01 00:00:00+00,,
1325836972,1325836972,5790,ID-AC,ID-STR,Simpang Tiga Redelong,0,2018-01-01 00:00:00+00,,
1325836972,1325836972,5791,ID-AC,ID-SNB,Sinabang,0,2018-01-01 00:00:00+00,,
1325836972,1325836972,5792,ID-AC,ID-SKL,Singkil,0,2018-01-01 00:00:00+00,,
1325836972,1325836972,5793,ID-AC,ID-SUS,Subulussalam,0,2018-01-01 00:00:00+00,,
1325836972,1325836972,5794,ID-AC,ID-SKM,Suka Makmue,0,2018-01-01 00:00:00+00,,
1325836972,1325836972,5795,ID-AC,ID-TKN,Takengon,0,2018-01-01 00:00:00+00,,
1325836972,1325836972,5796,ID-AC,ID-TTN,Tapak Tuan,0,2018-01-01 00:00:00+00,,
1325836972,1325836972,5797,ID-BA,ID-BLI,Bangli,0,2018-01-01 00:00:00+00,,
1325836972,1325836972,5798,ID-BA,ID-DPR,Denpasar,0,2018-01-01 00:00:00+00,,
1325836972,1325836972,5799,ID-BA,ID-GIN,Gianyar,0,2018-01-01 00:00:00+00,,
1325836972,1325836972,5800,ID-BA,ID-KRA,Karangasem,0,2018-01-01 00:00:00+00,,
1325836972,1325836972,5801,ID-BA,ID-MGW,Mengwi,0,2018-01-01 00:00:00+00,,
1325836972,1325836972,5802,ID-BA,ID-NGA,Negara,0,2018-01-01 00:00:00+00,,
1325836972,1325836972,5803,ID-BA,ID-SRP,Semarapura,0,2018-01-01 00:00:00+00,,
1325836972,1325836972,5804,ID-BA,ID-SGR,Singaraja,0,2018-01-01 00:00:00+00,,
1325836972,1325836972,5805,ID-BA,ID-TAB,Tabanan,0,2018-01-01 00:00:00+00,,
1325836972,1325836972,5806,ID-BB,ID-KBA,Koba,0,2018-01-01 00:00:00+00,,
1325836972,1325836972,5807,ID-BB,ID-MGR,Manggar,0,2018-01-01 00:00:00+00,,
1325836972,1325836972,5808,ID-BB,ID-MTK,Mentok,0,2018-01-01 00:00:00+00,,
1325836972,1325836972,5809,ID-BB,ID-PGP,Pangkal Pinang,0,2018-01-01 00:00:00+00,,
1325836972,1325836972,5810,ID-BB,ID-SGL,Sungai Liat,0,2018-01-01 00:00:00+00,,
1325836972,1325836972,5811,ID-BB,ID-TDN,Tanjung Pandan,0,2018-01-01 00:00:00+00,,
1325836972,1325836972,5812,ID-BB,ID-TBL,Toboali,0,2018-01-01 00:00:00+00,,
1325836972,1325836972,5813,ID-BT,ID-CLG,Cilegon,0,2018-01-01 00:00:00+00,,
1325836972,1325836972,5814,ID-BT,ID-CPT,Ciputat,0,2018-01-01 00:00:00+00,,
1325836972,1325836972,5815,ID-BT,ID-PDG,Pandeglang,0,2018-01-01 00:00:00+00,,
1325836972,1325836972,5816,ID-BT,ID-RKB,Rangkas Bitung,0,2018-01-01 00:00:00+00,,
1325836972,1325836972,5817,ID-BT,ID-SRG,Serang,0,2018-01-01 00:00:00+00,,
1325836972,1325836972,5818,ID-BT,ID-TNG,Tangerang,0,2018-01-01 00:00:00+00,,
1325836972,1325836972,5819,ID-BT,ID-TGR,Tigaraksa,0,2018-01-01 00:00:00+00,,
1325836972,1325836972,5820,ID-BE,ID-AGM,Arga Makmur,0,2018-01-01 00:00:00+00,,
1325836972,1325836972,5821,ID-BE,ID-BGL,Bengkulu,0,2018-01-01 00:00:00+00,,
1325836972,1325836972,5822,ID-BE,ID-BHN,Bintuhan,0,2018-01-01 00:00:00+00,,
1325836972,1325836972,5823,ID-BE,ID-CRP,Curup,0,2018-01-01 00:00:00+00,,
1325836972,1325836972,5824,ID-BE,ID-KPH,Kapahiang,0,2018-01-01 00:00:00+00,,
1325836972,1325836972,5825,ID-BE,ID-KRT,Karang Tinggi,0,2018-01-01 00:00:00+00,,
1325836972,1325836972,5826,ID-BE,ID-MNA,Manna,0,2018-01-01 00:00:00+00,,
1325836972,1325836972,5827,ID-BE,ID-MKM,Mukomuko,0,2018-01-01 00:00:00+00,,
1325836972,1325836972,5828,ID-BE,ID-TAS,Tais,0,2018-01-01 00:00:00+00,,
1325836972,1325836972,5829,ID-BE,ID-TUB,Tubei,0,2018-01-01 00:00:00+00,,
1325836972,1325836972,5830,ID-GO,ID-GTO,Gorontalo,0,2018-01-01 00:00:00+00,,
1325836972,1325836972,5831,ID-GO,ID-KWD,Kwandang,0,2018-01-01 00:00:00+00,,
1325836972,1325836972,5832,ID-GO,ID-MAR,Marisa,0,2018-01-01 00:00:00+00,,
1325836972,1325836972,5833,ID-GO,ID-SWW,Suwawa,0,2018-01-01 00:00:00+00,,
1325836972,1325836972,5834,ID-GO,ID-TMT,Tilamuta,0,2018-01-01 00:00:00+00,,
1325836972,1325836972,5835,ID-JA,ID-BKO,Bangko,0,2018-01-01 00:00:00+00,,
1325836972,1325836972,5836,ID-JA,ID-JMB,Jambi,0,2018-01-01 00:00:00+00,,
1325836972,1325836972,5837,ID-JA,ID-KLT,Kuala Tungkal,0,2018-01-01 00:00:00+00,,
1325836972,1325836972,5838,ID-JA,ID-MBN,Muara Bulian,0,2018-01-01 00:00:00+00,,
1325836972,1325836972,5839,ID-JA,ID-MRB,Muara Bungo,0,2018-01-01 00:00:00+00,,
1325836972,1325836972,5840,ID-JA,ID-MSK,Muara Sabak,0,2018-01-01 00:00:00+00,,
1325836972,1325836972,5841,ID-JA,ID-MRT,Muara Tebo,0,2018-01-01 00:00:00+00,,
1325836972,1325836972,5842,ID-JA,ID-SRL,Sarolangun,0,2018-01-01 00:00:00+00,,
1325836972,1325836972,5843,ID-JA,ID-SNT,Sengeti,0,2018-01-01 00:00:00+00,,
1325836972,1325836972,5844,ID-JA,ID-SPN,Sungai Penuh,0,2018-01-01 00:00:00+00,,
1325836972,1325836972,5845,ID-JB,ID-BDG,Bandung,0,2018-01-01 00:00:00+00,,
1325836972,1325836972,5846,ID-JB,ID-BJR,Banjar,0,2018-01-01 00:00:00+00,,
1325836972,1325836972,5847,ID-JB,ID-BKS,Bekasi,0,2018-01-01 00:00:00+00,,
1325836972,1325836972,5848,ID-JB,ID-BGR,Bogor,0,2018-01-01 00:00:00+00,,
1325836972,1325836972,5849,ID-JB,ID-CMS,Ciamis,0,2018-01-01 00:00:00+00,,
1325836972,1325836972,5850,ID-JB,ID-CJR,Cianjur,0,2018-01-01 00:00:00+00,,
1325836972,1325836972,5851,ID-JB,ID-CBI,Cibinong,0,2018-01-01 00:00:00+00,,
1325836972,1325836972,5852,ID-JB,ID-CKR,Cikarang,0,2018-01-01 00:00:00+00,,
1325836972,1325836972,5853,ID-JB,ID-CMH,Cimahi,0,2018-01-01 00:00:00+00,,
1325836972,1325836972,5854,ID-JB,ID-CBN,Cirebon,0,2018-01-01 00:00:00+00,,
1325836972,1325836972,5855,ID-JB,ID-DPK,Depok,0,2018-01-01 00:00:00+00,,
1325836972,1325836972,5856,ID-JB,ID-GRT,Garut,0,2018-01-01 00:00:00+00,,
1325836972,1325836972,5857,ID-JB,ID-IDM,Indramayu,0,2018-01-01 00:00:00+00,,
1325836972,1325836972,5858,ID-JB,ID-KWG,Karawang,0,2018-01-01 00:00:00+00,,
1325836972,1325836972,5859,ID-JB,ID-KNG,Kuningan,0,2018-01-01 00:00:00+00,,
1325836972,1325836972,5860,ID-JB,ID-MJL,Majalengka,0,2018-01-01 00:00:00+00,,
1325836972,1325836972,5861,ID-JB,ID-NPH,Ngamprah,0,2018-01-01 00:00:00+00,,
1325836972,1325836972,5862,ID-JB,ID-PWK,Purwakarta,0,2018-01-01 00:00:00+00,,
1325836972,1325836972,5863,ID-JB,ID-SPA,Singaparna,0,2018-01-01 00:00:00+00,,
1325836972,1325836972,5864,ID-JB,ID-SOR,Soreang,0,2018-01-01 00:00:00+00,,
1325836972,1325836972,5865,ID-JB,ID-SNG,Subang,0,2018-01-01 00:00:00+00,,
1325836972,1325836972,5866,ID-JB,ID-SKB,Sukabumi,0,2018-01-01 00:00:00+00,,
1325836972,1325836972,5867,ID-JB,ID-SBR,Sumber,0,2018-01-01 00:00:00+00,,
1325836972,1325836972,5868,ID-JB,ID-SMD,Sumedang,0,2018-01-01 00:00:00+00,,
1325836972,1325836972,5869,ID-JB,ID-TSM,Tasikmalaya,0,2018-01-01 00:00:00+00,,
1325836972,1325836972,5870,ID-JT,ID-BNR,Banjarnegara,0,2018-01-01 00:00:00+00,,
1325836972,1325836972,5871,ID-JT,ID-BTG,Batang,0,2018-01-01 00:00:00+00,,
1325836972,1325836972,5872,ID-JT,ID-BLA,Blora,0,2018-01-01 00:00:00+00,,
1325836972,1325836972,5873,ID-JT,ID-BYL,Boyolali,0,2018-01-01 00:00:00+00,,
1325836972,1325836972,5874,ID-JT,ID-BBS,Brebes,0,2018-01-01 00:00:00+00,,
1325836972,1325836972,5875,ID-JT,ID-CLP,Cilacap,0,2018-01-01 00:00:00+00,,
1325836972,1325836972,5876,ID-JT,ID-DMK,Demak,0,2018-01-01 00:00:00+00,,
1325836972,1325836972,5877,ID-JT,ID-JPA,Jepara,0,2018-01-01 00:00:00+00,,
1325836972,1325836972,5878,ID-JT,ID-KJN,Kajen,0,2018-01-01 00:00:00+00,,
1325836972,1325836972,5879,ID-JT,ID-KRG,Karanganyar,0,2018-01-01 00:00:00+00,,
1325836972,1325836972,5880,ID-JT,ID-KBM,Kebumen,0,2018-01-01 00:00:00+00,,
1325836972,1325836972,5881,ID-JT,ID-KDL,Kendal,0,2018-01-01 00:00:00+00,,
1325836972,1325836972,5882,ID-JT,ID-KLN,Klaten,0,2018-01-01 00:00:00+00,,
1325836972,1325836972,5883,ID-JT,ID-KDS,Kudus,0,2018-01-01 00:00:00+00,,
1325836972,1325836972,5884,ID-JT,ID-MGG,Magelang,0,2018-01-01 00:00:00+00,,
1325836972,1325836972,5885,ID-JT,ID-MKD,Mungkid,0,2018-01-01 00:00:00+00,,
1325836972,1325836972,5886,ID-JT,ID-PTI,Pati,0,2018-01-01 00:00:00+00,,
1325836972,1325836972,5887,ID-JT,ID-PKL,Pekalongan,0,2018-01-01 00:00:00+00,,
1325836972,1325836972,5888,ID-JT,ID-PML,Pemalang,0,2018-01-01 00:00:00+00,,
1325836972,1325836972,5889,ID-JT,ID-PBG,Purbalingga,0,2018-01-01 00:00:00+00,,
1325836972,1325836972,5890,ID-JT,ID-PWD,Purwodadi,0,2018-01-01 00:00:00+00,,
1325836972,1325836972,5891,ID-JT,ID-PWT,Purwokerto,0,2018-01-01 00:00:00+00,,
1325836972,1325836972,5892,ID-JT,ID-PWR,Purworejo,0,2018-01-01 00:00:00+00,,
1325836972,1325836972,5893,ID-JT,ID-RBG,Rembang,0,2018-01-01 00:00:00+00,,
1325836972,1325836972,5894,ID-JT,ID-SLT,Salatiga,0,2018-01-01 00:00:00+00,,
1325836972,1325836972,5895,ID-JT,ID-SMG,Semarang,0,2018-01-01 00:00:00+00,,
1325836972,1325836972,5896,ID-JT,ID-SLW,Slawi,0,2018-01-01 00:00:00+00,,
1325836972,1325836972,5897,ID-JT,ID-SGN,Sragen,0,2018-01-01 00:00:00+00,,
1325836972,1325836972,5898,ID-JT,ID-SKH,Sukoharjo,0,2018-01-01 00:00:00+00,,
1325836972,1325836972,5899,ID-JT,ID-SKT,Surakarta,0,2018-01-01 00:00:00+00,,
1325836972,1325836972,5900,ID-JT,ID-TGL,Tegal,0,2018-01-01 00:00:00+00,,
1325836972,1325836972,5901,ID-JT,ID-TMG,Temanggung,0,2018-01-01 00:00:00+00,,
1325836972,1325836972,5902,ID-JT,ID-UNR,Ungaran,0,2018-01-01 00:00:00+00,,
1325836972,1325836972,5903,ID-JT,ID-WNG,Wonogiri,0,2018-01-01 00:00:00+00,,
1325836972,1325836972,5904,ID-JT,ID-WSB,Wonosobo,0,2018-01-01 00:00:00+00,,
1325836972,1325836972,5905,ID-JI,ID-BKL,Bangkalan,0,2018-01-01 00:00:00+00,,
1325836972,1325836972,5906,ID-JI,ID-BTU,Batu,0,2018-01-01 00:00:00+00,,
1325836972,1325836972,5907,ID-JI,ID-BYW,Banyuwangi,0,2018-01-01 00:00:00+00,,
1325836972,1325836972,5908,ID-JI,ID-BLT,Blitar,0,2018-01-01 00:00:00+00,,
1325836972,1325836972,5909,ID-JI,ID-BJN,Bojonegoro,0,2018-01-01 00:00:00+00,,
1325836972,1325836972,5910,ID-JI,ID-BDW,Bondowoso,0,2018-01-01 00:00:00+00,,
1325836972,1325836972,5911,ID-JI,ID-GSK,Gresik,0,2018-01-01 00:00:00+00,,
1325836972,1325836972,5912,ID-JI,ID-JMR,Jember,0,2018-01-01 00:00:00+00,,
1325836972,1325836972,5913,ID-JI,ID-JBG,Jombang,0,2018-01-01 00:00:00+00,,
1325836972,1325836972,5914,ID-JI,ID-KNR,Kanigoro,0,2018-01-01 00:00:00+00,,
1325836972,1325836972,5915,ID-JI,ID-KDR,Kediri,0,2018-01-01 00:00:00+00,,
1325836972,1325836972,5916,ID-JI,ID-KPN,Kepanjen,0,2018-01-01 00:00:00+00,,
1325836972,1325836972,5917,ID-JI,ID-KRS,Kraksaan,0,2018-01-01 00:00:00+00,,
1325836972,1325836972,5918,ID-JI,ID-LMG,Lamongan,0,2018-01-01 00:00:00+00,,
1325836972,1325836972,5919,ID-JI,ID-LMJ,Lumajang,0,2018-01-01 00:00:00+00,,
1325836972,1325836972,5920,ID-JI,ID-MAD,Madiun,0,2018-01-01 00:00:00+00,,
1325836972,1325836972,5921,ID-JI,ID-MGT,Magetan,0,2018-01-01 00:00:00+00,,
1325836972,1325836972,5922,ID-JI,ID-MLG,Malang,0,2018-01-01 00:00:00+00,,
1325836972,1325836972,5923,ID-JI,ID-MJY,Mejayan,0,2018-01-01 00:00:00+00,,
1325836972,1325836972,5924,ID-JI,ID-MJK,Mojokerto,0,2018-01-01 00:00:00+00,,
1325836972,1325836972,5925,ID-JI,ID-NGW,Ngawi,0,2018-01-01 00:00:00+00,,
1325836972,1325836972,5926,ID-JI,ID-NJK,Nganjuk,0,2018-01-01 00:00:00+00,,
1325836972,1325836972,5927,ID-JI,ID-PCT,Pacitan,0,2018-01-01 00:00:00+00,,
1325836972,1325836972,5928,ID-JI,ID-PMK,Pamekasan,0,2018-01-01 00:00:00+00,,
1325836972,1325836972,5929,ID-JI,ID-PSN,Pasuruan,0,2018-01-01 00:00:00+00,,
1325836972,1325836972,5930,ID-JI,ID-PNG,Ponorogo,0,2018-01-01 00:00:00+00,,
1325836972,1325836972,5931,ID-JI,ID-PBL,Probolinggo,0,2018-01-01 00:00:00+00,,
1325836972,1325836972,5932,ID-JI,ID-SPG,Sampang,0,2018-01-01 00:00:00+00,,
1325836972,1325836972,5933,ID-JI,ID-SDA,Sidoarjo,0,2018-01-01 00:00:00+00,,
1325836972,1325836972,5934,ID-JI,ID-SIT,Situbondo,0,2018-01-01 00:00:00+00,,
1325836972,1325836972,5935,ID-JI,ID-SMP,Sumenep,0,2018-01-01 00:00:00+00,,
1325836972,1325836972,5936,ID-JI,ID-SBY,Surabaya,0,2018-01-01 00:00:00+00,,
1325836972,1325836972,5937,ID-JI,ID-TBN,Tuban,0,2018-01-01 00:00:00+00,,
1325836972,1325836972,5938,ID-JI,ID-TLG,Tulungagung,0,2018-01-01 00:00:00+00,,
1325836972,1325836972,5939,ID-JI,ID-TRK,Trenggalek,0,2018-01-01 00:00:00+00,,
1325836972,1325836972,5940,ID-KB,ID-BEK,Bengkayang,0,2018-01-01 00:00:00+00,,
1325836972,1325836972,5941,ID-KB,ID-KTP,Ketapang,0,2018-01-01 00:00:00+00,,
1325836972,1325836972,5942,ID-KB,ID-MPW,Mempawah,0,2018-01-01 00:00:00+00,,
1325836972,1325836972,5943,ID-KB,ID-NGP,Nanga Pinoh,0,2018-01-01 00:00:00+00,,
1325836972,1325836972,5944,ID-KB,ID-NBA,Ngabang,0,2018-01-01 00:00:00+00,,
1325836972,1325836972,5945,ID-KB,ID-PTK,Pontianak,0,2018-01-01 00:00:00+00,,
1325836972,1325836972,5946,ID-KB,ID-PTS,Putussibau,0,2018-01-01 00:00:00+00,,
1325836972,1325836972,5947,ID-KB,ID-SBS,Sambas,0,2018-01-01 00:00:00+00,,
1325836972,1325836972,5948,ID-KB,ID-SAG,Sanggau,0,2018-01-01 00:00:00+00,,
1325836972,1325836972,5949,ID-KB,ID-SED,Sekadau,0,2018-01-01 00:00:00+00,,
1325836972,1325836972,5950,ID-KB,ID-SKW,Singkawang,0,2018-01-01 00:00:00+00,,
1325836972,1325836972,5951,ID-KB,ID-STG,Sintang,0,2018-01-01 00:00:00+00,,
1325836972,1325836972,5952,ID-KB,ID-SKD,Sukadane,0,2018-01-01 00:00:00+00,,
1325836972,1325836972,5953,ID-KB,ID-SRY,Sungai Raya,0,2018-01-01 00:00:00+00,,
1325836972,1325836972,5954,ID-KS,ID-AMT,Amuntai,0,2018-01-01 00:00:00+00,,
1325836972,1325836972,5955,ID-KS,ID-BJB,Banjarbaru,0,2018-01-01 00:00:00+00,,
1325836972,1325836972,5956,ID-KS,ID-BJM,Banjarmasin,0,2018-01-01 00:00:00+00,,
1325836972,1325836972,5957,ID-KS,ID-BRB,Barabai,0,2018-01-01 00:00:00+00,,
1325836972,1325836972,5958,ID-KS,ID-BLN,Batulicin,0,2018-01-01 00:00:00+00,,
1325836972,1325836972,5959,ID-KS,ID-KGN,Kandangan,0,2018-01-01 00:00:00+00,,
1325836972,1325836972,5960,ID-KS,ID-KBR,Kotabaru,0,2018-01-01 00:00:00+00,,
1325836972,1325836972,5961,ID-KS,ID-MRH,Marabahan,0,2018-01-01 00:00:00+00,,
1325836972,1325836972,5962,ID-KS,ID-MTP,Martapura,0,2018-01-01 00:00:00+00,,
1325836972,1325836972,5963,ID-KS,ID-PRN,Paringin,0,2018-01-01 00:00:00+00,,
1325836972,1325836972,5964,ID-KS,ID-PLI,Pelaihari,0,2018-01-01 00:00:00+00,,
1325836972,1325836972,5965,ID-KS,ID-RTA,Rantau,0,2018-01-01 00:00:00+00,,
1325836972,1325836972,5966,ID-KS,ID-TJG,Tanjung,0,2018-01-01 00:00:00+00,,
1325836972,1325836972,5967,ID-KT,ID-BNT,Buntok,0,2018-01-01 00:00:00+00,,
1325836972,1325836972,5968,ID-KT,ID-KSN,Kasongan,0,2018-01-01 00:00:00+00,,
1325836972,1325836972,5969,ID-KT,ID-KLK,Kuala Kapuas,0,2018-01-01 00:00:00+00,,
1325836972,1325836972,5970,ID-KT,ID-KKN,Kuala Kurun,0,2018-01-01 00:00:00+00,,
1325836972,1325836972,5971,ID-KT,ID-KLP,Kuala Pembuang&nbsp,0,2018-01-01 00:00:00+00,,
1325836972,1325836972,5972,ID-KT,ID-MTW,Muara Teweh,0,2018-01-01 00:00:00+00,,
1325836972,1325836972,5973,ID-KT,ID-NGB,Nanga Bulik,0,2018-01-01 00:00:00+00,,
1325836972,1325836972,5974,ID-KT,ID-PLK,Palangkaraya,0,2018-01-01 00:00:00+00,,
1325836972,1325836972,5975,ID-KT,ID-PBU,Pangkalan Bun,0,2018-01-01 00:00:00+00,,
1325836972,1325836972,5976,ID-KT,ID-PPS,Pulang Pisau,0,2018-01-01 00:00:00+00,,
1325836972,1325836972,5977,ID-KT,ID-PRC,Puruk Cahu,0,2018-01-01 00:00:00+00,,
1325836972,1325836972,5978,ID-KT,ID-SPT,Sampit,0,2018-01-01 00:00:00+00,,
1325836972,1325836972,5979,ID-KT,ID-SKR,Sukamara,0,2018-01-01 00:00:00+00,,
1325836972,1325836972,5980,ID-KT,ID-TML,Tamiang Layang,0,2018-01-01 00:00:00+00,,
1325836972,1325836972,5981,ID-KI,ID-BPP,Balikpapan,0,2018-01-01 00:00:00+00,,
1325836972,1325836972,5982,ID-KI,ID-BON,Bontang,0,2018-01-01 00:00:00+00,,
1325836972,1325836972,5983,ID-KI,ID-PNJ,Penajam,0,2018-01-01 00:00:00+00,,
1325836972,1325836972,5984,ID-KI,ID-SMR,Samarinda,0,2018-01-01 00:00:00+00,,
1325836972,1325836972,5985,ID-KI,ID-SGT,Sanggatta,0,2018-01-01 00:00:00+00,,
1325836972,1325836972,5986,ID-KI,ID-SDW,Sendawar,0,2018-01-01 00:00:00+00,,
1325836972,1325836972,5987,ID-KI,ID-TGT,Tanah Grogot,0,2018-01-01 00:00:00+00,,
1325836972,1325836972,5988,ID-KI,ID-TNR,Tanjung Redeb,0,2018-01-01 00:00:00+00,,
1325836972,1325836972,5989,ID-KI,ID-TRG,Tenggarong,0,2018-01-01 00:00:00+00,,
1325836972,1325836972,5990,ID-KI,ID-TDP,Tideng Pale,0,2018-01-01 00:00:00+00,,
1325836972,1325836972,5991,ID-KU,ID-MLN,Malinau,0,2018-01-01 00:00:00+00,,
1325836972,1325836972,5992,ID-KU,ID-NNK,Nunukan,0,2018-01-01 00:00:00+00,,
1325836972,1325836972,5993,ID-KU,ID-TJS,Tanjung Selor,0,2018-01-01 00:00:00+00,,
1325836972,1325836972,5994,ID-KU,ID-TAR,Tarakan,0,2018-01-01 00:00:00+00,,
1325836972,1325836972,5995,ID-KR,ID-BSB,Bandar Seri Bentan,0,2018-01-01 00:00:00+00,,
1325836972,1325836972,5996,ID-KR,ID-BTM,Batam,0,2018-01-01 00:00:00+00,,
1325836972,1325836972,5997,ID-KR,ID-DKL,Daik Lingga,0,2018-01-01 00:00:00+00,,
1325836972,1325836972,5998,ID-KR,ID-RAN,Ranai,0,2018-01-01 00:00:00+00,,
1325836972,1325836972,5999,ID-KR,ID-TBK,Tanjung Balai Karimun,0,2018-01-01 00:00:00+00,,
1325836972,1325836972,6000,ID-KR,ID-TPG,Tanjung Pinang,0,2018-01-01 00:00:00+00,,
1325836972,1325836972,6001,ID-KR,ID-TRP,Tarempa,0,2018-01-01 00:00:00+00,,
1325836972,1325836972,6002,ID-LA,ID-BDL,Bandar Lampung,0,2018-01-01 00:00:00+00,,
1325836972,1325836972,6003,ID-LA,ID-BBU,Blambangan Umpu,0,2018-01-01 00:00:00+00,,
1325836972,1325836972,6004,ID-LA,ID-GDT,Gedong Tataan,0,2018-01-01 00:00:00+00,,
1325836972,1325836972,6005,ID-LA,ID-GNS,Gunung Sugih,0,2018-01-01 00:00:00+00,,
1325836972,1325836972,6006,ID-LA,ID-KLA,Kalianda,0,2018-01-01 00:00:00+00,,
1325836972,1325836972,6007,ID-LA,ID-KOT,Kota Agung,0,2018-01-01 00:00:00+00,,
1325836972,1325836972,6008,ID-LA,ID-KTB,Kotabumi,0,2018-01-01 00:00:00+00,,
1325836972,1325836972,6009,ID-LA,ID-LIW,Liwa,0,2018-01-01 00:00:00+00,,
1325836972,1325836972,6010,ID-LA,ID-MGL,Menggala,0,2018-01-01 00:00:00+00,,
1325836972,1325836972,6011,ID-LA,ID-MSJ,Mesuji,0,2018-01-01 00:00:00+00,,
1325836972,1325836972,6012,ID-LA,ID-MET,Metro,0,2018-01-01 00:00:00+00,,
1325836972,1325836972,6013,ID-LA,ID-PRW,Pringsewu,0,2018-01-01 00:00:00+00,,
1325836972,1325836972,6014,ID-LA,ID-SDN,Sukadana,0,2018-01-01 00:00:00+00,,
1325836972,1325836972,6015,ID-LA,ID-TWG,Tulang Bawang Tengah,0,2018-01-01 00:00:00+00,,
1325836972,1325836972,6016,ID-MA,ID-AMB,Ambon,0,2018-01-01 00:00:00+00,,
1325836972,1325836972,6017,ID-MA,ID-DTH,Dataran Hunimoa,0,2018-01-01 00:00:00+00,,
1325836972,1325836972,6018,ID-MA,ID-DRH,Dataran Hunipopu,0,2018-01-01 00:00:00+00,,
1325836972,1325836972,6019,ID-MA,ID-DOB,Dobo,0,2018-01-01 00:00:00+00,,
1325836972,1325836972,6020,ID-MA,ID-MSH,Masohi,0,2018-01-01 00:00:00+00,,
1325836972,1325836972,6021,ID-MA,ID-NLA,Namlea,0,2018-01-01 00:00:00+00,,
1325836972,1325836972,6022,ID-MA,ID-NMR,Namrole,0,2018-01-01 00:00:00+00,,
1325836972,1325836972,6023,ID-MA,ID-SML,Saumlaki,0,2018-01-01 00:00:00+00,,
1325836972,1325836972,6024,ID-MA,ID-TKR,Tiakur,0,2018-01-01 00:00:00+00,,
1325836972,1325836972,6025,ID-MA,ID-TUL,Tual,0,2018-01-01 00:00:00+00,,
1325836972,1325836972,6026,ID-MU,ID-JLL,Jailolo,0,2018-01-01 00:00:00+00,,
1325836972,1325836972,6027,ID-MU,ID-LBA,Labuha,0,2018-01-01 00:00:00+00,,
1325836972,1325836972,6028,ID-MU,ID-MAB,Maba,0,2018-01-01 00:00:00+00,,
1325836972,1325836972,6029,ID-MU,ID-MTS,Morotai Selatan,0,2018-01-01 00:00:00+00,,
1325836972,1325836972,6030,ID-MU,ID-SNN,Sanana,0,2018-01-01 00:00:00+00,,
1325836972,1325836972,6031,ID-MU,ID-SFF,Sofifi,0,2018-01-01 00:00:00+00,,
1325836972,1325836972,6032,ID-MU,ID-TTE,Ternate,0,2018-01-01 00:00:00+00,,
1325836972,1325836972,6033,ID-MU,ID-TDR,Tidore,0,2018-01-01 00:00:00+00,,
1325836972,1325836972,6034,ID-MU,ID-TOB,Tobelo,0,2018-01-01 00:00:00+00,,
1325836972,1325836972,6035,ID-MU,ID-WED,Weda,0,2018-01-01 00:00:00+00,,
1325836972,1325836972,6036,ID-NB,ID-BIM,Bima,0,2018-01-01 00:00:00+00,,
1325836972,1325836972,6037,ID-NB,ID-DPU,Dompu,0,2018-01-01 00:00:00+00,,
1325836972,1325836972,6038,ID-NB,ID-GRG,Gerung,0,2018-01-01 00:00:00+00,,
1325836972,1325836972,6039,ID-NB,ID-MTR,Mataram,0,2018-01-01 00:00:00+00,,
1325836972,1325836972,6040,ID-NB,ID-PYA,Praya,0,2018-01-01 00:00:00+00,,
1325836972,1325836972,6041,ID-NB,ID-SEL,Selong,0,2018-01-01 00:00:00+00,,
1325836972,1325836972,6042,ID-NB,ID-SBW,Sumbawa Besar,0,2018-01-01 00:00:00+00,,
1325836972,1325836972,6043,ID-NB,ID-TLW,Taliwang,0,2018-01-01 00:00:00+00,,
1325836972,1325836972,6044,ID-NB,ID-TJN,Tanjung,0,2018-01-01 00:00:00+00,,
1325836972,1325836972,6045,ID-NB,ID-WHO,Woha,0,2018-01-01 00:00:00+00,,
1325836972,1325836972,6046,ID-NT,ID-ATB,Atambua,0,2018-01-01 00:00:00+00,,
1325836972,1325836972,6047,ID-NT,ID-BAA,Baa,0,2018-01-01 00:00:00+00,,
1325836972,1325836972,6048,ID-NT,ID-BJW,Bajawa,0,2018-01-01 00:00:00+00,,
1325836972,1325836972,6049,ID-NT,ID-BRG,Borong,0,2018-01-01 00:00:00+00,,
1325836972,1325836972,6050,ID-NT,ID-END,Ende,0,2018-01-01 00:00:00+00,,
1325836972,1325836972,6051,ID-NT,ID-KLB,Kalabahi,0,2018-01-01 00:00:00+00,,
1325836972,1325836972,6052,ID-NT,ID-KFM,Kefamenanu,0,2018-01-01 00:00:00+00,,
1325836972,1325836972,6053,ID-NT,ID-KPG,Kupang,0,2018-01-01 00:00:00+00,,
1325836972,1325836972,6054,ID-NT,ID-LBJ,Labuan Bajo,0,2018-01-01 00:00:00+00,,
1325836972,1325836972,6055,ID-NT,ID-LRT,Larantuka,0,2018-01-01 00:00:00+00,,
1325836972,1325836972,6056,ID-NT,ID-LWL,Lewoleba,0,2018-01-01 00:00:00+00,,
1325836972,1325836972,6057,ID-NT,ID-MME,Maumere,0,2018-01-01 00:00:00+00,,
1325836972,1325836972,6058,ID-NT,ID-MBY,Mbay,0,2018-01-01 00:00:00+00,,
1325836972,1325836972,6059,ID-NT,ID-RTG,Ruteng,0,2018-01-01 00:00:00+00,,
1325836972,1325836972,6060,ID-NT,ID-SBB,Sabu Barat,0,2018-01-01 00:00:00+00,,
1325836972,1325836972,6061,ID-NT,ID-SOE,Soe,0,2018-01-01 00:00:00+00,,
1325836972,1325836972,6062,ID-NT,ID-TAM,Tambolaka,0,2018-01-01 00:00:00+00,,
1325836972,1325836972,6063,ID-NT,ID-WBL,Waibakul,0,2018-01-01 00:00:00+00,,
1325836972,1325836972,6064,ID-NT,ID-WKB,Waikabubak,0,2018-01-01 00:00:00+00,,
1325836972,1325836972,6065,ID-NT,ID-WGP,Waingapu,0,2018-01-01 00:00:00+00,,
1325836972,1325836972,6066,ID-PA,ID-AGT,Agats,0,2018-01-01 00:00:00+00,,
1325836972,1325836972,6067,ID-PA,ID-BIK,Biak,0,2018-01-01 00:00:00+00,,
1325836972,1325836972,6068,ID-PA,ID-BTW,Botawa,0,2018-01-01 00:00:00+00,,
1325836972,1325836972,6069,ID-PA,ID-BRM,Burmeso,0,2018-01-01 00:00:00+00,,
1325836972,1325836972,6070,ID-PA,ID-ELL,Elelim,0,2018-01-01 00:00:00+00,,
1325836972,1325836972,6071,ID-PA,ID-ERT,Enarotali,0,2018-01-01 00:00:00+00,,
1325836972,1325836972,6072,ID-PA,ID-ILG,Ilaga,0,2018-01-01 00:00:00+00,,
1325836972,1325836972,6073,ID-PA,ID-JAP,Jayapura,0,2018-01-01 00:00:00+00,,
1325836972,1325836972,6074,ID-PA,ID-KBG,Karubaga,0,2018-01-01 00:00:00+00,,
1325836972,1325836972,6075,ID-PA,ID-KYM,Kenyam,0,2018-01-01 00:00:00+00,,
1325836972,1325836972,6076,ID-PA,ID-KEP,Kepi,0,2018-01-01 00:00:00+00,,
1325836972,1325836972,6077,ID-PA,ID-KGM,Kigamani,0,2018-01-01 00:00:00+00,,
1325836972,1325836972,6078,ID-PA,ID-KBK,Kobakma,0,2018-01-01 00:00:00+00,,
1325836972,1325836972,6079,ID-PA,ID-MRK,Merauke,0,2018-01-01 00:00:00+00,,
1325836972,1325836972,6080,ID-PA,ID-MUL,Mulia,0,2018-01-01 00:00:00+00,,
1325836972,1325836972,6081,ID-PA,ID-NAB,Nabire,0,2018-01-01 00:00:00+00,,
1325836972,1325836972,6082,ID-PA,ID-OSB,Oksibil,0,2018-01-01 00:00:00+00,,
1325836972,1325836972,6083,ID-PA,ID-SMI,Sarmi,0,2018-01-01 00:00:00+00,,
1325836972,1325836972,6084,ID-PA,ID-SRU,Serui,0,2018-01-01 00:00:00+00,,
1325836972,1325836972,6085,ID-PA,ID-SRW,Sorendiweri,0,2018-01-01 00:00:00+00,,
1325836972,1325836972,6086,ID-PA,ID-SGP,Sugapa,0,2018-01-01 00:00:00+00,,
1325836972,1325836972,6087,ID-PA,ID-SMH,Sumohai,0,2018-01-01 00:00:00+00,,
1325836972,1325836972,6088,ID-PA,ID-TMR,Tanah Merah,0,2018-01-01 00:00:00+00,,
1325836972,1325836972,6089,ID-PA,ID-TIG,Tigi,0,2018-01-01 00:00:00+00,,
1325836972,1325836972,6090,ID-PA,ID-TIM,Timika,0,2018-01-01 00:00:00+00,,
1325836972,1325836972,6091,ID-PA,ID-TOM,Tiom,0,2018-01-01 00:00:00+00,,
1325836972,1325836972,6092,ID-PA,ID-WAM,Wamena,0,2018-01-01 00:00:00+00,,
1325836972,1325836972,6093,ID-PA,ID-WRS,Waris,0,2018-01-01 00:00:00+00,,
1325836972,1325836972,6094,ID-PB,ID-AFT,Aifat,0,2018-01-01 00:00:00+00,,
1325836972,1325836972,6095,ID-PB,ID-AMS,Aimas,0,2018-01-01 00:00:00+00,,
1325836972,1325836972,6096,ID-PB,ID-BTI,Bintuni,0,2018-01-01 00:00:00+00,,
1325836972,1325836972,6097,ID-PB,ID-FFK,Fak Fak,0,2018-01-01 00:00:00+00,,
1325836972,1325836972,6098,ID-PB,ID-FEF,Fef,0,2018-01-01 00:00:00+00,,
1325836972,1325836972,6099,ID-PB,ID-KMN,Kaimana,0,2018-01-01 00:00:00+00,,
1325836972,1325836972,6100,ID-PB,ID-MNK,Manokwari,0,2018-01-01 00:00:00+00,,
1325836972,1325836972,6101,ID-PB,ID-RAS,Rasiei,0,2018-01-01 00:00:00+00,,
1325836972,1325836972,6102,ID-PB,ID-SON,Sorong,0,2018-01-01 00:00:00+00,,
1325836972,1325836972,6103,ID-PB,ID-TMB,Teminabuan,0,2018-01-01 00:00:00+00,,
1325836972,1325836972,6104,ID-PB,ID-WAS,Waisai,0,2018-01-01 00:00:00+00,,
1325836972,1325836972,6105,ID-RI,ID-BKN,Bangkinang,0,2018-01-01 00:00:00+00,,
1325836972,1325836972,6106,ID-RI,ID-BLS,Bengkalis,0,2018-01-01 00:00:00+00,,
1325836972,1325836972,6107,ID-RI,ID-DUM,Dumai,0,2018-01-01 00:00:00+00,,
1325836972,1325836972,6108,ID-RI,ID-PKK,Pangkalan Kerinci,0,2018-01-01 00:00:00+00,,
1325836972,1325836972,6109,ID-RI,ID-PRP,Pasir Pengarairan,0,2018-01-01 00:00:00+00,,
1325836972,1325836972,6110,ID-RI,ID-PBR,Pekanbaru,0,2018-01-01 00:00:00+00,,
1325836972,1325836972,6111,ID-RI,ID-RGT,Rengat,0,2018-01-01 00:00:00+00,,
1325836972,1325836972,6112,ID-RI,ID-SAK,Siak Sriindrapura,0,2018-01-01 00:00:00+00,,
1325836972,1325836972,6113,ID-RI,ID-TTG,Tebing Tinggi,0,2018-01-01 00:00:00+00,,
1325836972,1325836972,6114,ID-RI,ID-TLK,Teluk Kuantan,0,2018-01-01 00:00:00+00,,
1325836972,1325836972,6115,ID-RI,ID-TBH,Tembilahan,0,2018-01-01 00:00:00+00,,
1325836972,1325836972,6116,ID-RI,ID-UJT,Ujung Tanjung,0,2018-01-01 00:00:00+00,,
1325836972,1325836972,6117,ID-SR,ID-MJN,Majene,0,2018-01-01 00:00:00+00,,
1325836972,1325836972,6118,ID-SR,ID-MMS,Mamasa,0,2018-01-01 00:00:00+00,,
1325836972,1325836972,6119,ID-SR,ID-MAM,Mamuju,0,2018-01-01 00:00:00+00,,
1325836972,1325836972,6120,ID-SR,ID-PKY,Pasangkayu,0,2018-01-01 00:00:00+00,,
1325836972,1325836972,6121,ID-SR,ID-PLW,Polewali,0,2018-01-01 00:00:00+00,,
1325836972,1325836972,6122,ID-SN,ID-BAN,Bantaeng,0,2018-01-01 00:00:00+00,,
1325836972,1325836972,6123,ID-SN,ID-BAR,Barru,0,2018-01-01 00:00:00+00,,
1325836972,1325836972,6124,ID-SN,ID-BEN,Benteng,0,2018-01-01 00:00:00+00,,
1325836972,1325836972,6125,ID-SN,ID-BLK,Bulukumba,0,2018-01-01 00:00:00+00,,
1325836972,1325836972,6126,ID-SN,ID-ENR,Enrekang,0,2018-01-01 00:00:00+00,,
1325836972,1325836972,6127,ID-SN,ID-JNP,Jeneponto,0,2018-01-01 00:00:00+00,,
1325836972,1325836972,6128,ID-SN,ID-MAK,Makale,0,2018-01-01 00:00:00+00,,
1325836972,1325836972,6129,ID-SN,ID-MKS,Makassar,0,2018-01-01 00:00:00+00,,
1325836972,1325836972,6130,ID-SN,ID-MLL,Malili,0,2018-01-01 00:00:00+00,,
1325836972,1325836972,6131,ID-SN,ID-MRS,Maros,0,2018-01-01 00:00:00+00,,
1325836972,1325836972,6132,ID-SN,ID-MSB,Masamba,0,2018-01-01 00:00:00+00,,
1325836972,1325836972,6133,ID-SN,ID-PLP,Palopo,0,2018-01-01 00:00:00+00,,
1325836972,1325836972,6134,ID-SN,ID-PKJ,Pangkajene,0,2018-01-01 00:00:00+00,,
1325836972,1325836972,6135,ID-SN,ID-PRE,Pare Pare,0,2018-01-01 00:00:00+00,,
1325836972,1325836972,6136,ID-SN,ID-PIN,Pinrang,0,2018-01-01 00:00:00+00,,
1325836972,1325836972,6137,ID-SN,ID-RTP,Rantepao,0,2018-01-01 00:00:00+00,,
1325836972,1325836972,6138,ID-SN,ID-SKG,Sengkang,0,2018-01-01 00:00:00+00,,
1325836972,1325836972,6139,ID-SN,ID-SDR,Sidenreng,0,2018-01-01 00:00:00+00,,
1325836972,1325836972,6140,ID-SN,ID-SNJ,Sinjai,0,2018-01-01 00:00:00+00,,
1325836972,1325836972,6141,ID-SN,ID-SGM,Sungguminasa,0,2018-01-01 00:00:00+00,,
1325836972,1325836972,6142,ID-SN,ID-TKA,Takalar,0,2018-01-01 00:00:00+00,,
1325836972,1325836972,6143,ID-SN,ID-WTP,Watampone,0,2018-01-01 00:00:00+00,,
1325836972,1325836972,6144,ID-SN,ID-WNS,Watan Soppeng,0,2018-01-01 00:00:00+00,,
1325836972,1325836972,6145,ID-ST,ID-APN,Ampana,0,2018-01-01 00:00:00+00,,
1325836972,1325836972,6146,ID-ST,ID-BGK,Bungku,0,2018-01-01 00:00:00+00,,
1325836972,1325836972,6147,ID-ST,ID-BUL,Buol,0,2018-01-01 00:00:00+00,,
1325836972,1325836972,6148,ID-ST,ID-DGL,Donggala,0,2018-01-01 00:00:00+00,,
1325836972,1325836972,6149,ID-ST,ID-LWK,Luwuk,0,2018-01-01 00:00:00+00,,
1325836972,1325836972,6150,ID-ST,ID-PAL,Palu,0,2018-01-01 00:00:00+00,,
1325836972,1325836972,6151,ID-ST,ID-PRG,Parigi,0,2018-01-01 00:00:00+00,,
1325836972,1325836972,6152,ID-ST,ID-PSO,Poso,0,2018-01-01 00:00:00+00,,
1325836972,1325836972,6153,ID-ST,ID-SKN,Salakan,0,2018-01-01 00:00:00+00,,
1325836972,1325836972,6154,ID-ST,ID-SGB,Sigi Biromaru,0,2018-01-01 00:00:00+00,,
1325836972,1325836972,6155,ID-ST,ID-TLI,Toli Toli,0,2018-01-01 00:00:00+00,,
1325836972,1325836972,6156,ID-SG,ID-ADL,Andoolo,0,2018-01-01 00:00:00+00,,
1325836972,1325836972,6157,ID-SG,ID-BAU,Bau-Bau,0,2018-01-01 00:00:00+00,,
1325836972,1325836972,6158,ID-SG,ID-BNG,Buranga,0,2018-01-01 00:00:00+00,,
1325836972,1325836972,6159,ID-SG,ID-KDI,Kendari,0,2018-01-01 00:00:00+00,,
1325836972,1325836972,6160,ID-SG,ID-KKA,Kolaka,0,2018-01-01 00:00:00+00,,
1325836972,1325836972,6161,ID-SG,ID-LSS,Lasusua,0,2018-01-01 00:00:00+00,,
1325836972,1325836972,6162,ID-SG,ID-PSW,Pasar Wajo,0,2018-01-01 00:00:00+00,,
1325836972,1325836972,6163,ID-SG,ID-RAH,Raha,0,2018-01-01 00:00:00+00,,
1325836972,1325836972,6164,ID-SG,ID-RMB,Rumbia,0,2018-01-01 00:00:00+00,,
1325836972,1325836972,6165,ID-SG,ID-UNH,Unaaha,0,2018-01-01 00:00:00+00,,
1325836972,1325836972,6166,ID-SG,ID-WGD,Wanggudu,0,2018-01-01 00:00:00+00,,
1325836972,1325836972,6167,ID-SG,ID-WGW,Wangi Wangi,0,2018-01-01 00:00:00+00,,
1325836972,1325836972,6168,ID-SA,ID-ARM,Air Madidi,0,2018-01-01 00:00:00+00,,
1325836972,1325836972,6169,ID-SA,ID-AMR,Amurang,0,2018-01-01 00:00:00+00,,
1325836972,1325836972,6170,ID-SA,ID-BIT,Bitung,0,2018-01-01 00:00:00+00,,
1325836972,1325836972,6171,ID-SA,ID-BLU,Bolaang Uki,0,2018-01-01 00:00:00+00,,
1325836972,1325836972,6172,ID-SA,ID-BRK,Boroko,0,2018-01-01 00:00:00+00,,
1325836972,1325836972,6173,ID-SA,ID-KTG,Kotamobagu,0,2018-01-01 00:00:00+00,,
1325836972,1325836972,6174,ID-SA,ID-LLK,Lolak,0,2018-01-01 00:00:00+00,,
1325836972,1325836972,6175,ID-SA,ID-MND,Manado,0,2018-01-01 00:00:00+00,,
1325836972,1325836972,6176,ID-SA,ID-MGN,Melongguane,0,2018-01-01 00:00:00+00,,
1325836972,1325836972,6177,ID-SA,ID-ODS,Ondong Siau,0,2018-01-01 00:00:00+00,,
1325836972,1325836972,6178,ID-SA,ID-RTN,Ratahan,0,2018-01-01 00:00:00+00,,
1325836972,1325836972,6179,ID-SA,ID-THN,Tahuna,0,2018-01-01 00:00:00+00,,
1325836972,1325836972,6180,ID-SA,ID-TMH,Tomohon,0,2018-01-01 00:00:00+00,,
1325836972,1325836972,6181,ID-SA,ID-TNN,Tondano,0,2018-01-01 00:00:00+00,,
1325836972,1325836972,6182,ID-SA,ID-TTY,Tutuyan,0,2018-01-01 00:00:00+00,,
1325836972,1325836972,6183,ID-SB,ID-ARS,Arosuka,0,2018-01-01 00:00:00+00,,
1325836972,1325836972,6184,ID-SB,ID-BSK,Batusangkar,0,2018-01-01 00:00:00+00,,
1325836972,1325836972,6185,ID-SB,ID-BKT,Bukittinggi,0,2018-01-01 00:00:00+00,,
1325836972,1325836972,6186,ID-SB,ID-LBB,Lubuk Basung,0,2018-01-01 00:00:00+00,,
1325836972,1325836972,6187,ID-SB,ID-LBS,Lubuk Sikaping,0,2018-01-01 00:00:00+00,,
1325836972,1325836972,6188,ID-SB,ID-MRJ,Muaro Sijunjung,0,2018-01-01 00:00:00+00,,
1325836972,1325836972,6189,ID-SB,ID-NPM,Nagari Parit Malintang,0,2018-01-01 00:00:00+00,,
1325836972,1325836972,6190,ID-SB,ID-PAD,Padang,0,2018-01-01 00:00:00+00,,
1325836972,1325836972,6191,ID-SB,ID-PDA,Padang Aro,0,2018-01-01 00:00:00+00,,
1325836972,1325836972,6192,ID-SB,ID-PDP,Padang Panjang,0,2018-01-01 00:00:00+00,,
1325836972,1325836972,6193,ID-SB,ID-PNN,Painan,0,2018-01-01 00:00:00+00,,
1325836972,1325836972,6194,ID-SB,ID-PMN,Pariaman,0,2018-01-01 00:00:00+00,,
1325836972,1325836972,6195,ID-SB,ID-PYH,Payakumbuh,0,2018-01-01 00:00:00+00,,
1325836972,1325836972,6196,ID-SB,ID-PLJ,Pulau Punjung,0,2018-01-01 00:00:00+00,,
1325836972,1325836972,6197,ID-SB,ID-SRK,Sarilamak,0,2018-01-01 00:00:00+00,,
1325836972,1325836972,6198,ID-SB,ID-SWL,Sawahlunto,0,2018-01-01 00:00:00+00,,
1325836972,1325836972,6199,ID-SB,ID-SPE,Simpang Empat,0,2018-01-01 00:00:00+00,,
1325836972,1325836972,6200,ID-SB,ID-SLK,Solok,0,2018-01-01 00:00:00+00,,
1325836972,1325836972,6201,ID-SB,ID-TPT,Tuapejat,0,2018-01-01 00:00:00+00,,
1325836972,1325836972,6202,ID-SS,ID-BTA,Baturaja,0,2018-01-01 00:00:00+00,,
1325836972,1325836972,6203,ID-SS,ID-IDL,Indralaya,0,2018-01-01 00:00:00+00,,
1325836972,1325836972,6204,ID-SS,ID-KAG,Kayu Agung,0,2018-01-01 00:00:00+00,,
1325836972,1325836972,6205,ID-SS,ID-LHT,Lahat,0,2018-01-01 00:00:00+00,,
1325836972,1325836972,6206,ID-SS,ID-LLG,Lubuk Linggau,0,2018-01-01 00:00:00+00,,
1325836972,1325836972,6207,ID-SS,ID-MPR,Martapura,0,2018-01-01 00:00:00+00,,
1325836972,1325836972,6208,ID-SS,ID-MRE,Muara Enim&nbsp,0,2018-01-01 00:00:00+00,,
1325836972,1325836972,6209,ID-SS,ID-MBL,Muarabeliti,0,2018-01-01 00:00:00+00,,
1325836972,1325836972,6210,ID-SS,ID-MRD,Muaradua,0,2018-01-01 00:00:00+00,,
1325836972,1325836972,6211,ID-SS,ID-PGA,Pagar Alam,0,2018-01-01 00:00:00+00,,
1325836972,1325836972,6212,ID-SS,ID-PLG,Palembang,0,2018-01-01 00:00:00+00,,
1325836972,1325836972,6213,ID-SS,ID-PKB,Pangkalan Balai,0,2018-01-01 00:00:00+00,,
1325836972,1325836972,6214,ID-SS,ID-PBM,Prabumulih,0,2018-01-01 00:00:00+00,,
1325836972,1325836972,6215,ID-SS,ID-SKL,Sekayu,0,2018-01-01 00:00:00+00,,
1325836972,1325836972,6216,ID-SS,ID-TBG,Tebing Tinggi,0,2018-01-01 00:00:00+00,,
1325836972,1325836972,6217,ID-SU,ID-AKK,Aek Kanopan,0,2018-01-01 00:00:00+00,,
1325836972,1325836972,6218,ID-SU,ID-BLG,Balige,0,2018-01-01 00:00:00+00,,
1325836972,1325836972,6219,ID-SU,ID-BNJ,Binjai,0,2018-01-01 00:00:00+00,,
1325836972,1325836972,6220,ID-SU,ID-DLS,Dolok Sanggul,0,2018-01-01 00:00:00+00,,
1325836972,1325836972,6221,ID-SU,ID-GNT,Gunung Tua,0,2018-01-01 00:00:00+00,,
1325836972,1325836972,6222,ID-SU,ID-GST,Gunungsitoli,0,2018-01-01 00:00:00+00,,
1325836972,1325836972,6223,ID-SU,ID-KBJ,Kabanjahe,0,2018-01-01 00:00:00+00,,
1325836972,1325836972,6224,ID-SU,ID-KIS,Kisaran,0,2018-01-01 00:00:00+00,,
1325836972,1325836972,6225,ID-SU,ID-KPI,Kota Pinang,0,2018-01-01 00:00:00+00,,
1325836972,1325836972,6226,ID-SU,ID-LHM,Lahomi,0,2018-01-01 00:00:00+00,,
1325836972,1325836972,6227,ID-SU,ID-LMP,Lima Puluh,0,2018-01-01 00:00:00+00,,
1325836972,1325836972,6228,ID-SU,ID-LTU,Lotu,0,2018-01-01 00:00:00+00,,
1325836972,1325836972,6229,ID-SU,ID-LBP,Lubuk Pakam,0,2018-01-01 00:00:00+00,,
1325836972,1325836972,6230,ID-SU,ID-MDN,Medan,0,2018-01-01 00:00:00+00,,
1325836972,1325836972,6231,ID-SU,ID-PSP,Padang Sidempuan,0,2018-01-01 00:00:00+00,,
1325836972,1325836972,6232,ID-SU,ID-PRR,Pangururan,0,2018-01-01 00:00:00+00,,
1325836972,1325836972,6233,ID-SU,ID-PYB,Panyabungan,0,2018-01-01 00:00:00+00,,
1325836972,1325836972,6234,ID-SU,ID-PMS,Pematangsiantar,0,2018-01-01 00:00:00+00,,
1325836972,1325836972,6235,ID-SU,ID-RAP,Rantau Prapat,0,2018-01-01 00:00:00+00,,
1325836972,1325836972,6236,ID-SU,ID-SAL,Salak,0,2018-01-01 00:00:00+00,,
1325836972,1325836972,6237,ID-SU,ID-SRH,Sei Rampah,0,2018-01-01 00:00:00+00,,
1325836972,1325836972,6238,ID-SU,ID-SBG,Sibolga,0,2018-01-01 00:00:00+00,,
1325836972,1325836972,6239,ID-SU,ID-SBH,Sibuhuan,0,2018-01-01 00:00:00+00,,
1325836972,1325836972,6240,ID-SU,ID-SDK,Sidikalang,0,2018-01-01 00:00:00+00,,
1325836972,1325836972,6241,ID-SU,ID-STB,Stabat,0,2018-01-01 00:00:00+00,,
1325836972,1325836972,6242,ID-SU,ID-TJB,Tanjung Balai,0,2018-01-01 00:00:00+00,,
1325836972,1325836972,6243,ID-SU,ID-TRT,Tarutung,0,2018-01-01 00:00:00+00,,
1325836972,1325836972,6244,ID-SU,ID-TBT,Tebing Tinggi,0,2018-01-01 00:00:00+00,,
1325836972,1325836972,6245,ID-SU,ID-TLD,Teluk Dalam,0,2018-01-01 00:00:00+00,,
1325836972,1325836972,6246,ID-JK,ID-JKP,Jakarta Pusat,0,2018-01-01 00:00:00+00,,
1325836972,1325836972,6247,ID-JK,ID-JKB,Jakarta Barat,0,2018-01-01 00:00:00+00,,
1325836972,1325836972,6248,ID-JK,ID-JKS,Jakarta Selatan,0,2018-01-01 00:00:00+00,,
1325836972,1325836972,6249,ID-JK,ID-JKU,Jakarta Utara,0,2018-01-01 00:00:00+00,,
1325836972,1325836972,6250,ID-JK,ID-KPS,Kepulauan Seribu,0,2018-01-01 00:00:00+00,,
1325836972,1325836972,6251,ID-YO,ID-BTL,Bantul,0,2018-01-01 00:00:00+00,,
1325836972,1325836972,6252,ID-YO,ID-SMN,Sleman,0,2018-01-01 00:00:00+00,,
1325836972,1325836972,6253,ID-YO,ID-WAT,Wates,0,2018-01-01 00:00:00+00,,
1325836972,1325836972,6254,ID-YO,ID-WNO,Wonosari,0,2018-01-01 00:00:00+00,,
1325836972,1325836972,6255,ID-YO,ID-YYK,Yogyakarta,0,2018-01-01 00:00:00+00,,
